{
  "confusion_matrix": [
    [
      181,
      16,
      3,
      0,
      0
    ],
    [
      0,
      195,
      5,
      0,
      0
    ],
    [
      0,
      8,
      192,
      0,
      0
    ],
    [
      0,
      18,
      3,
      179,
      0
    ],
    [
      0,
      10,
      3,
      0,
      187
    ]
  ],
  "precision_by_class": [
    1.0,
    0.7894736842105263,
    0.9320388349514563,
    1.0,
    1.0
  ],
  "recall_by_class": [
    0.905,
    0.975,
    0.96,
    0.895,
    0.935
  ],
  "f1_by_class": [
    0.9501312335958005,
    0.87248322147651,
    0.9458128078817734,
    0.9445910290237467,
    0.9664082687338501
  ],
  "support_by_class": [
    200,
    200,
    200,
    200,
    200
  ],
  "categories": [
    "Network",
    "Database",
    "Software",
    "Security",
    "Hardware"
  ],
  "top_features": [
    [
      "software",
      0.09027402083999463
    ],
    [
      "database",
      0.0900919749741546
    ],
    [
      "security",
      0.08525611133957871
    ],
    [
      "hardware",
      0.05644441343398036
    ],
    [
      "network",
      0.03695691555476434
    ],
    [
      "application",
      0.02441148312351654
    ],
    [
      "vpn",
      0.02209436239690521
    ],
    [
      "db",
      0.019585256512512916
    ],
    [
      "query",
      0.01720458007088216
    ],
    [
      "database query",
      0.015231166251943477
    ],
    [
      "account",
      0.014996755832429166
    ],
    [
      "connecting",
      0.012355327532384539
    ],
    [
      "breach",
      0.011734572859981116
    ],
    [
      "authentication",
      0.011430720181333948
    ],
    [
      "connectivity",
      0.009264508537819405
    ],
    [
      "detected",
      0.009075962599654682
    ],
    [
      "table",
      0.008372873947768427
    ],
    [
      "unable access",
      0.007662013330881517
    ],
    [
      "software error",
      0.007648505985630264
    ],
    [
      "connectivity issue",
      0.007565381092170598
    ]
  ],
  "test_size": 1000,
  "class_distribution": {
    "Network": 1000,
    "Database": 1000,
    "Software": 1000,
    "Security": 1000,
    "Hardware": 1000
  }
}